Image 0,Image 1,"Homography Matrix[0,0]","[0,1]","[0,2]","[1,0]","[1,1]","[1,2]","[2,0]","[2,1]","[2,2]",Features Tracked,xmean,ymean,xsd,ysd,Mean Error Magnitude,Mean Homographic displacement,Homography SNR
23_07150870.JPG,23_07310070.JPG,0.2294405617072922,-61.78154807164049,1396.448440902164,0.004143443413439459,-1.1926292209131435,27.364802462670458,0.00014873218351391687,-0.04344857826079054,1.0,237,-34.27951562852045,28.63878863727403,633.7829155172957,343.5814617765487,103.46822966703647,100.80692188441017,0.9918299663234982
23_07310070.JPG,23_08150237.JPG,0.47752788395703083,-57.60342645986027,1104.9165791035061,0.004252415903715008,-0.9520484294682057,23.98717351246597,0.00014828323064638361,-0.0389405076471808,1.0,6760,-691.6500006008911,100.49989930012683,12820.985156705316,678.6317396418085,832.3656699049278,832.3435168799193,1.064949224231447
23_08150237.JPG,23_09020434.JPG,0.16828106697557996,-6.744670922878361,827.5983726793879,-0.004655067091283651,0.2922634947558289,15.672954629849626,-0.00016763996694430083,-0.005135164188642976,1.0,4880,-681.8825020983649,88.65020403786492,5400.11016472978,705.39023831611,795.8111702370144,952.2266101384654,1.0592481285272668
23_09020434.JPG,23_09150575.JPG,1.091912253781179,6.305190910109529,-190.92899173428216,-0.0010367689156351799,1.466571527597283,-9.213824181742412,2.6161370622584075e-06,0.0027683602938277456,1.0,4095,71.69695335488966,35.14755415958206,5654.4387877471,718.84717825476,244.5981621595376,151.37387970054507,1.1359788674737257
