Image 0, Image 1, Average xyz velocity, Features tracked, Average px velocity, Homography RMS Error, SNR
23_07150870.JPG,23_07310070.JPG,nan,3,5134.915323480185,103.46822966703647,0.020149938830327382
23_07310070.JPG,23_08150237.JPG,nan,56,41235.9360637898,832.3656699049278,0.020185443798760926
23_08150237.JPG,23_09020434.JPG,nan,90,40272.45914578833,795.8111702370144,0.019760679807412255
23_09020434.JPG,23_09150575.JPG,nan,26,23990.706253963483,244.5981621595376,0.010195538204263067
